ParticipantID,Joviality,HouseholdSize,HaveKids,EducationLevel,InterestGroup,age,Age_Category,Avg_MonthlyIncome,Avg_MonthlyCosts,Avg_MonthlySavings
0,0.001626703,3,TRUE,HighSchoolOrCollege,H,36,31-40,9145,1220,7925
1,0.3280865,3,TRUE,HighSchoolOrCollege,B,25,21-30,8023,1414,6609
2,0.39346959,3,TRUE,HighSchoolOrCollege,A,35,31-40,7092,1206,5887
3,0.138063446,3,TRUE,HighSchoolOrCollege,I,21,21-30,6853,1266,5587
4,0.857396691,3,TRUE,Bachelors,H,43,41-50,9240,2212,7028
5,0.772957791,3,TRUE,HighSchoolOrCollege,D,32,31-40,1934,1386,548
6,0.833980668,3,TRUE,HighSchoolOrCollege,I,26,21-30,1943,1539,404
7,0.958189409,3,TRUE,Bachelors,A,27,21-30,6079,2014,4065
8,0.697554819,3,TRUE,Bachelors,G,20,20 & Below,3702,2122,1580
9,0.467131409,3,TRUE,Bachelors,D,35,31-40,12729,1308,11420
10,0.557176006,3,TRUE,HighSchoolOrCollege,D,48,41-50,6618,1220,5398
11,0.25422732,3,TRUE,HighSchoolOrCollege,F,27,21-30,6710,1334,5376
12,0.241615182,3,TRUE,HighSchoolOrCollege,D,34,31-40,6399,1413,4986
13,0.724503834,3,TRUE,Bachelors,J,18,20 & Below,5840,2291,3548
14,0.930003289,3,TRUE,Graduate,H,38,31-40,7266,2003,5264
15,0.232266068,3,TRUE,HighSchoolOrCollege,I,35,31-40,6280,1237,5042
16,0.392189088,3,TRUE,Bachelors,J,39,31-40,9772,1196,8577
17,0.114667399,3,TRUE,Bachelors,I,57,51 and above,17620,1300,16320
18,0.32696558,3,TRUE,Graduate,I,20,20 & Below,17645,1363,16282
19,0.486470164,3,TRUE,Bachelors,B,25,21-30,9070,1484,7586
20,0.619057739,3,TRUE,HighSchoolOrCollege,I,41,41-50,5965,1351,4614
21,0.931240975,3,TRUE,Low,E,35,31-40,2443,1760,683
22,0.663815663,3,TRUE,HighSchoolOrCollege,E,25,21-30,3483,1904,1579
23,0.260211811,3,TRUE,Low,B,57,51 and above,5206,1644,3562
24,0.607328128,3,TRUE,Bachelors,D,44,41-50,8137,1275,6863
25,0.520535752,3,TRUE,HighSchoolOrCollege,J,38,31-40,5860,1297,4564
26,0.549177225,3,TRUE,HighSchoolOrCollege,F,28,21-30,5491,1535,3956
27,0.135148815,3,TRUE,HighSchoolOrCollege,D,45,41-50,6260,1305,4955
28,0.230073813,3,TRUE,Bachelors,A,54,51 and above,13682,1536,12146
29,0.607853294,3,TRUE,Low,C,18,20 & Below,4579,1236,3343
30,0.681423545,3,TRUE,HighSchoolOrCollege,C,49,41-50,2434,2074,360
31,0.23266675,3,TRUE,Graduate,F,40,31-40,14956,1324,13632
32,0.189498641,3,TRUE,HighSchoolOrCollege,C,33,31-40,6082,1195,4886
33,0.094585958,3,TRUE,Bachelors,D,21,21-30,12114,1176,10939
34,0.767112453,3,TRUE,Low,B,23,21-30,4346,2128,2219
35,0.707950782,3,TRUE,Low,J,20,20 & Below,2084,1628,456
36,0.348019484,3,TRUE,Graduate,G,41,41-50,14703,1284,13420
37,0.174975799,3,TRUE,HighSchoolOrCollege,G,54,51 and above,6083,1367,4716
38,0.215116214,3,TRUE,Low,D,34,31-40,5052,1328,3724
39,0.862950926,3,TRUE,Bachelors,G,54,51 and above,4020,1610,2410
40,0.880410054,3,TRUE,Low,I,55,51 and above,2274,1632,643
41,0.863663966,3,TRUE,HighSchoolOrCollege,F,41,41-50,2075,1535,540
42,0.055283617,3,TRUE,HighSchoolOrCollege,J,24,21-30,5871,1235,4636
43,0.045228735,3,TRUE,Bachelors,E,48,41-50,11829,1488,10341
45,0.179657824,3,TRUE,Graduate,E,50,41-50,14515,1199,13317
46,0.225049088,3,TRUE,HighSchoolOrCollege,D,47,41-50,5802,1416,4386
47,0.424159724,3,TRUE,HighSchoolOrCollege,C,58,51 and above,5403,1340,4064
48,0.485827661,3,TRUE,HighSchoolOrCollege,F,42,41-50,5266,1532,3734
49,0.229589642,3,TRUE,Graduate,D,54,51 and above,14382,1228,13153
50,0.576174771,3,TRUE,HighSchoolOrCollege,H,45,41-50,5179,1524,3654
51,0.374354513,3,TRUE,Graduate,G,26,21-30,13318,1402,11916
52,0.730126771,3,TRUE,HighSchoolOrCollege,B,39,31-40,2758,1914,844
53,0.140697641,3,TRUE,Low,H,19,20 & Below,4405,1230,3175
54,0.778504463,3,TRUE,Graduate,I,32,31-40,8416,2347,6069
55,0.770806686,3,TRUE,HighSchoolOrCollege,J,37,31-40,2140,1622,519
56,0.734056857,3,TRUE,Graduate,G,40,31-40,3640,1882,1758
57,0.422849796,3,TRUE,Graduate,A,56,51 and above,11432,1345,10087
58,0.192945633,3,TRUE,Graduate,J,40,31-40,14162,1227,12935
59,0.186308253,3,TRUE,Bachelors,C,35,31-40,11518,1299,10219
60,0.411129251,3,TRUE,HighSchoolOrCollege,D,46,41-50,5058,1590,3468
61,0.598278749,3,TRUE,HighSchoolOrCollege,F,44,41-50,5094,1455,3639
62,0.491406814,3,TRUE,Bachelors,A,57,51 and above,7773,1323,6450
63,0.583943591,3,TRUE,HighSchoolOrCollege,G,36,31-40,5032,1535,3497
64,0.330606159,3,TRUE,HighSchoolOrCollege,I,52,51 and above,4815,1555,3260
65,0.498178653,3,TRUE,HighSchoolOrCollege,I,23,21-30,4743,1399,3345
66,0.773765426,3,TRUE,Bachelors,J,51,51 and above,6667,2361,4306
67,0.438788793,3,TRUE,HighSchoolOrCollege,C,19,20 & Below,4751,1301,3450
68,0.519538618,3,TRUE,HighSchoolOrCollege,G,42,41-50,4605,1404,3201
69,0.743901318,3,TRUE,Bachelors,B,24,21-30,4438,1975,2464
70,0.72544679,3,TRUE,HighSchoolOrCollege,D,49,41-50,2734,1650,1084
71,0.947066909,3,TRUE,Bachelors,J,59,51 and above,2749,1777,972
72,0.218744284,3,TRUE,Bachelors,B,21,21-30,10845,1374,9471
73,0.381370977,3,TRUE,Bachelors,H,32,31-40,7249,1493,5756
74,0.904601349,3,TRUE,HighSchoolOrCollege,B,48,41-50,1936,1641,295
75,0.791342831,2,FALSE,HighSchoolOrCollege,A,59,51 and above,2974,1869,1105
76,0.362917704,2,FALSE,HighSchoolOrCollege,I,34,31-40,4562,1319,3242
77,0.621716267,2,FALSE,HighSchoolOrCollege,C,20,20 & Below,4558,1466,3092
78,0.188638917,2,FALSE,Graduate,B,24,21-30,13382,1327,12056
79,0.03403389,2,FALSE,HighSchoolOrCollege,C,56,51 and above,5855,1016,4839
80,0.40138993,2,FALSE,HighSchoolOrCollege,E,59,51 and above,4503,1304,3200
81,0.871320255,2,FALSE,Graduate,D,27,21-30,5764,1978,3786
82,0.955760648,2,FALSE,Graduate,H,40,31-40,6324,2120,4203
83,0.027148207,2,FALSE,HighSchoolOrCollege,C,53,51 and above,5763,942,4821
84,0.455102277,2,FALSE,HighSchoolOrCollege,J,33,31-40,4422,1522,2900
85,0.354510651,2,FALSE,HighSchoolOrCollege,A,45,41-50,4370,1729,2641
86,0.399201318,2,FALSE,HighSchoolOrCollege,C,31,31-40,4296,1354,2942
87,0.725176476,2,FALSE,HighSchoolOrCollege,A,58,51 and above,2279,1649,630
88,0.746921002,2,FALSE,HighSchoolOrCollege,A,20,20 & Below,1970,1564,406
89,0.169054036,2,FALSE,HighSchoolOrCollege,J,54,51 and above,5655,1238,4417
90,0.139818869,2,FALSE,HighSchoolOrCollege,E,20,20 & Below,5564,1141,4423
91,0.733204092,2,FALSE,HighSchoolOrCollege,E,41,41-50,1939,1512,428
92,0.467868166,2,FALSE,HighSchoolOrCollege,J,43,41-50,4211,1376,2836
93,0.580101654,2,FALSE,HighSchoolOrCollege,B,48,41-50,4037,1456,2581
94,0.413830119,2,FALSE,Bachelors,C,23,21-30,7194,1354,5841
95,0.451218504,2,FALSE,Low,H,47,41-50,3846,1476,2370
96,0.504845427,2,FALSE,HighSchoolOrCollege,B,23,21-30,4044,1472,2572
97,0.679506778,2,FALSE,Graduate,J,56,51 and above,5767,2010,3757
98,0.366630644,2,FALSE,HighSchoolOrCollege,B,55,51 and above,4009,1394,2615
99,0.39686665,2,FALSE,Bachelors,H,31,31-40,6712,1450,5261
100,0.142686163,2,FALSE,Low,F,29,21-30,3911,1277,2634
101,0.020504586,2,FALSE,HighSchoolOrCollege,A,38,31-40,5504,871,4633
102,0.265501227,2,FALSE,Bachelors,A,56,51 and above,10759,1445,9314
103,0.194724115,2,FALSE,Bachelors,J,18,20 & Below,10287,1169,9118
104,0.991414933,2,FALSE,HighSchoolOrCollege,F,47,41-50,2295,1488,807
105,0.851915894,2,FALSE,HighSchoolOrCollege,J,52,51 and above,3074,1790,1284
106,0.700811306,2,FALSE,Bachelors,A,34,31-40,5415,1722,3694
107,0.357131296,2,FALSE,HighSchoolOrCollege,C,26,21-30,3953,1328,2625
108,0.098903572,2,FALSE,HighSchoolOrCollege,C,36,31-40,5478,1153,4326
109,0.290464519,2,FALSE,HighSchoolOrCollege,C,52,51 and above,5491,1632,3859
110,0.313305546,2,FALSE,HighSchoolOrCollege,D,26,21-30,5398,1411,3986
111,0.720330648,2,FALSE,HighSchoolOrCollege,B,30,21-30,1916,1514,402
112,0.646977694,2,FALSE,Graduate,C,23,21-30,10717,1437,9279
113,0.999233967,2,FALSE,Graduate,G,51,51 and above,6095,1945,4150
114,0.413490065,2,FALSE,Graduate,G,55,51 and above,9417,1317,8101
115,0.57753282,2,FALSE,HighSchoolOrCollege,J,56,51 and above,3963,1500,2464
116,0.30282788,2,FALSE,Graduate,E,43,41-50,12974,1252,11722
117,0.760663448,2,FALSE,Bachelors,F,22,21-30,6117,2217,3900
118,0.140611532,2,FALSE,Bachelors,C,33,31-40,10162,1401,8761
119,0.612907872,2,FALSE,Graduate,B,32,31-40,9209,1602,7607
120,0.876546337,2,FALSE,HighSchoolOrCollege,E,31,31-40,3230,1785,1445
121,0.41537229,2,FALSE,HighSchoolOrCollege,F,45,41-50,3925,1533,2392
122,0.159723746,2,FALSE,HighSchoolOrCollege,A,37,31-40,5391,1273,4118
123,0.118152103,2,FALSE,HighSchoolOrCollege,B,43,41-50,5328,1219,4109
124,0.14336634,2,FALSE,Graduate,I,49,41-50,12773,1203,11570
125,0.150075471,2,FALSE,Graduate,E,50,41-50,11500,1454,10046
126,0.72895287,2,FALSE,HighSchoolOrCollege,A,26,21-30,2111,1554,557
128,0.718790546,2,FALSE,Bachelors,G,57,51 and above,4579,1760,2819
129,0.371183768,2,FALSE,HighSchoolOrCollege,B,27,21-30,3785,1743,2042
130,0.524660325,2,FALSE,HighSchoolOrCollege,J,48,41-50,3788,1616,2172
131,0.802929522,2,FALSE,Bachelors,H,26,21-30,3174,1846,1329
132,0.540291283,2,FALSE,Graduate,I,36,31-40,8667,1479,7188
133,0.551268581,2,FALSE,HighSchoolOrCollege,I,27,21-30,3736,1457,2280
134,0.247000174,2,FALSE,HighSchoolOrCollege,D,53,51 and above,5281,1007,4274
135,0.86081073,2,FALSE,HighSchoolOrCollege,E,59,51 and above,3531,1853,1677
136,0.555650922,2,FALSE,Graduate,A,34,31-40,8490,1532,6957
137,0.87301128,2,FALSE,HighSchoolOrCollege,C,34,31-40,2213,1333,880
138,0.732757238,2,FALSE,HighSchoolOrCollege,H,49,41-50,3745,1864,1881
139,0.846097713,2,FALSE,Bachelors,C,48,41-50,4222,2060,2163
140,0.216307476,2,FALSE,Bachelors,I,24,21-30,10031,1235,8796
141,0.792161061,2,FALSE,Bachelors,B,24,21-30,3499,1793,1706
143,0.107753878,2,FALSE,HighSchoolOrCollege,A,18,20 & Below,5236,1581,3655
144,0.444080663,2,FALSE,HighSchoolOrCollege,I,23,21-30,3660,1598,2062
145,0.882253016,2,FALSE,HighSchoolOrCollege,F,30,21-30,2250,1631,618
146,0.643761923,2,FALSE,HighSchoolOrCollege,J,46,41-50,3642,1617,2025
147,0.528698226,2,FALSE,HighSchoolOrCollege,J,44,41-50,3584,1614,1969
148,0.266938991,2,FALSE,Bachelors,A,37,31-40,9865,1216,8650
149,0.80654106,2,FALSE,Bachelors,A,26,21-30,2058,1716,342
150,0.20807405,2,FALSE,Bachelors,H,44,41-50,9212,1259,7954
151,0.159854965,2,FALSE,Low,G,46,41-50,3785,1338,2448
152,0.6089739,2,FALSE,HighSchoolOrCollege,I,41,41-50,3539,1446,2092
153,0.758079342,2,FALSE,HighSchoolOrCollege,A,23,21-30,2950,1963,986
155,0.176618296,2,FALSE,Graduate,A,55,51 and above,11451,1547,9903
156,0.466716971,2,FALSE,HighSchoolOrCollege,J,52,51 and above,3467,1592,1875
157,0.254005742,2,FALSE,Graduate,J,25,21-30,11387,1065,10322
158,0.468930899,2,FALSE,Graduate,J,25,21-30,7633,1550,6084
159,0.24297235,2,FALSE,HighSchoolOrCollege,G,39,31-40,5222,1060,4162
160,0.168095803,2,FALSE,Bachelors,F,52,51 and above,8879,1186,7693
162,0.936659644,2,FALSE,HighSchoolOrCollege,B,36,31-40,2631,1715,916
163,0.225309113,2,FALSE,HighSchoolOrCollege,D,26,21-30,5218,1406,3813
164,0.812453062,2,FALSE,Graduate,F,27,21-30,4730,2266,2464
165,0.964990249,2,FALSE,Graduate,G,30,21-30,6249,1940,4309
166,0.627739055,2,FALSE,Low,A,21,21-30,3448,1597,1851
167,0.846680285,2,FALSE,HighSchoolOrCollege,F,49,41-50,3410,2102,1309
168,0.365595636,1,FALSE,Graduate,G,48,41-50,6560,965,5595
169,0.364391587,1,FALSE,HighSchoolOrCollege,J,24,21-30,3365,1168,2197
170,0.133248852,1,FALSE,Bachelors,G,20,20 & Below,8764,973,7791
171,0.114389766,1,FALSE,Low,I,58,51 and above,3648,875,2774
172,0.575001936,1,FALSE,Graduate,I,38,31-40,6230,1156,5074
173,0.78521373,1,FALSE,Graduate,C,19,20 & Below,6100,1380,4720
174,0.718049535,1,FALSE,Graduate,D,43,41-50,1999,1334,664
175,0.481863571,1,FALSE,HighSchoolOrCollege,I,22,21-30,3361,990,2371
176,0.931237599,1,FALSE,Graduate,J,24,21-30,3534,1506,2029
177,0.495453274,1,FALSE,HighSchoolOrCollege,E,23,21-30,3300,1087,2213
178,0.725246226,1,FALSE,Bachelors,E,29,21-30,4112,748,3363
179,0.900831449,1,FALSE,Bachelors,F,44,41-50,2359,1655,705
180,0.100777319,1,FALSE,Low,H,34,31-40,3418,825,2593
181,0.787497465,1,FALSE,HighSchoolOrCollege,E,22,21-30,1969,1262,707
182,0.839659224,1,FALSE,HighSchoolOrCollege,C,26,21-30,2161,1221,940
183,0.109940826,1,FALSE,Graduate,F,41,41-50,10907,753,10154
184,0.95269116,1,FALSE,HighSchoolOrCollege,G,38,31-40,2382,1429,953
185,0.270514436,1,FALSE,HighSchoolOrCollege,G,31,31-40,5203,681,4521
186,0.89222241,1,FALSE,Graduate,C,38,31-40,4594,961,3633
187,0.207533138,1,FALSE,Low,B,44,41-50,3371,739,2632
188,0.730336584,1,FALSE,Bachelors,D,19,20 & Below,6659,811,5848
189,0.216100876,1,FALSE,Graduate,E,53,51 and above,10174,625,9549
190,0.61053033,1,FALSE,Bachelors,H,31,31-40,6561,1186,5375
191,0.447070968,1,FALSE,HighSchoolOrCollege,G,48,41-50,3281,970,2312
192,0.262612842,1,FALSE,HighSchoolOrCollege,I,59,51 and above,5126,611,4516
193,0.976160413,1,FALSE,Bachelors,D,23,21-30,5991,786,5205
194,0.162966636,1,FALSE,Bachelors,A,23,21-30,8759,559,8200
195,0.058702708,1,FALSE,Graduate,B,60,51 and above,10392,691,9702
196,0.360151845,1,FALSE,Low,I,28,21-30,2684,1047,1636
197,0.901982488,1,FALSE,HighSchoolOrCollege,C,30,21-30,2585,1516,1068
198,0.321634269,1,FALSE,Bachelors,H,39,31-40,8449,672,7777
199,0.379086335,1,FALSE,HighSchoolOrCollege,A,31,31-40,3298,1115,2183
200,0.122095522,1,FALSE,Graduate,H,51,51 and above,10181,636,9545
201,0.203183443,1,FALSE,HighSchoolOrCollege,A,54,51 and above,5016,697,4319
202,0.985936814,1,FALSE,HighSchoolOrCollege,A,25,21-30,2826,1512,1314
203,0.939180121,1,FALSE,HighSchoolOrCollege,J,24,21-30,2419,1471,948
204,0.271944209,1,FALSE,Low,C,33,31-40,3249,678,2571
205,0.194899452,1,FALSE,HighSchoolOrCollege,I,37,31-40,4985,908,4077
206,0.365692745,1,FALSE,HighSchoolOrCollege,D,52,51 and above,3173,1243,1930
207,0.814611008,1,FALSE,Bachelors,B,30,21-30,4705,682,4024
208,0.371925591,1,FALSE,HighSchoolOrCollege,E,56,51 and above,3154,1018,2136
209,0.25635218,1,FALSE,HighSchoolOrCollege,C,24,21-30,4970,616,4354
210,0.857673439,1,FALSE,Low,A,18,20 & Below,1934,1423,511
211,0.214486332,1,FALSE,Bachelors,F,20,20 & Below,8470,629,7841
212,0.748988452,1,FALSE,HighSchoolOrCollege,D,60,51 and above,1999,1588,412
213,0.961066785,1,FALSE,Bachelors,I,44,41-50,3636,680,2956
214,0.300610569,1,FALSE,HighSchoolOrCollege,C,33,31-40,4853,660,4194
215,0.089838002,1,FALSE,Bachelors,A,31,31-40,8261,578,7683
216,0.153900625,1,FALSE,HighSchoolOrCollege,C,38,31-40,4832,599,4234
217,0.948411855,1,FALSE,HighSchoolOrCollege,F,57,51 and above,2096,1404,692
218,0.971074532,1,FALSE,HighSchoolOrCollege,B,38,31-40,1910,1590,320
219,0.955659284,1,FALSE,HighSchoolOrCollege,I,57,51 and above,2480,754,1726
220,0.79251329,1,FALSE,Graduate,F,56,51 and above,5354,1645,3708
221,0.727868507,1,FALSE,HighSchoolOrCollege,I,50,41-50,3046,1190,1856
222,0.617025806,1,FALSE,HighSchoolOrCollege,G,44,41-50,3120,1136,1983
223,0.700821194,1,FALSE,Bachelors,F,43,41-50,3160,1386,1773
224,0.28441375,1,FALSE,Low,G,41,41-50,3221,603,2618
225,0.004829228,1,FALSE,HighSchoolOrCollege,E,49,41-50,4809,518,4290
226,0.965943386,1,FALSE,Bachelors,I,43,41-50,5109,1263,3847
227,0.490213553,1,FALSE,HighSchoolOrCollege,H,59,51 and above,3163,1100,2063
228,0.168680628,1,FALSE,Bachelors,J,53,51 and above,8122,728,7394
229,0.68602034,1,FALSE,Bachelors,G,41,41-50,5479,821,4658
230,0.004466007,1,FALSE,Bachelors,D,52,51 and above,8042,774,7267
231,0.902213545,1,FALSE,HighSchoolOrCollege,A,59,51 and above,1946,1504,442
232,0.96685839,1,FALSE,HighSchoolOrCollege,C,53,51 and above,1947,1182,765
233,0.263283426,1,FALSE,Graduate,A,38,31-40,9980,749,9231
234,0.332411556,1,FALSE,Graduate,C,43,41-50,5979,1085,4894
235,0.936585851,1,FALSE,Graduate,G,29,21-30,4326,832,3494
236,0.10774033,1,FALSE,Low,I,44,41-50,3167,761,2406
237,0.110877355,1,FALSE,Graduate,C,48,41-50,9868,711,9157
238,0.256101892,1,FALSE,Low,A,21,21-30,3012,750,2262
239,0.795405195,1,FALSE,Low,I,45,41-50,1912,1700,212
240,0.641752748,1,FALSE,Graduate,J,21,21-30,6022,1198,4824
241,0.088547964,1,FALSE,HighSchoolOrCollege,I,30,21-30,4742,676,4066
242,0.113248116,1,FALSE,Graduate,H,26,21-30,9735,1207,8528
243,0.662515201,1,FALSE,HighSchoolOrCollege,H,31,31-40,1925,1191,734
244,0.969991586,1,FALSE,HighSchoolOrCollege,I,30,21-30,2757,1362,1395
245,0.859058201,1,FALSE,Graduate,C,52,51 and above,6014,976,5038
246,0.968768651,1,FALSE,HighSchoolOrCollege,B,30,21-30,1921,1441,480
247,0.867500339,1,FALSE,Low,B,33,31-40,1922,1533,389
248,0.287889236,1,FALSE,Bachelors,H,51,51 and above,8031,735,7297
249,0.842954238,1,FALSE,Graduate,G,25,21-30,3752,1153,2599
250,0.627740735,1,FALSE,HighSchoolOrCollege,E,59,51 and above,3080,1143,1937
251,0.386580333,1,FALSE,HighSchoolOrCollege,D,58,51 and above,3055,1007,2048
252,0.564718074,3,TRUE,HighSchoolOrCollege,D,59,51 and above,4690,1384,3306
253,0.560328176,3,TRUE,Graduate,G,43,41-50,9568,1489,8079
254,0.17968177,3,TRUE,Bachelors,D,23,21-30,7813,1345,6468
255,0.852187763,3,TRUE,HighSchoolOrCollege,H,59,51 and above,2027,1708,318
257,0.405851044,3,TRUE,HighSchoolOrCollege,D,24,21-30,4602,1654,2947
258,0.951577316,3,TRUE,Bachelors,G,37,31-40,2674,1906,768
259,0.19286307,3,TRUE,HighSchoolOrCollege,J,31,31-40,4711,1044,3667
260,0.33366576,3,TRUE,Graduate,B,52,51 and above,8608,1499,7109
261,0.465652496,3,TRUE,HighSchoolOrCollege,H,29,21-30,4491,1575,2916
263,0.223825175,3,TRUE,HighSchoolOrCollege,A,31,31-40,4714,1302,3412
264,0.106440071,3,TRUE,HighSchoolOrCollege,H,28,21-30,4725,1328,3398
265,0.048044295,3,TRUE,Bachelors,D,44,41-50,7846,1014,6832
266,0.972629863,3,TRUE,Graduate,F,32,31-40,5295,2094,3201
268,0.041170737,3,TRUE,HighSchoolOrCollege,G,53,51 and above,4770,1266,3505
269,0.36077235,3,TRUE,HighSchoolOrCollege,F,56,51 and above,4511,1544,2967
270,0.173976665,3,TRUE,HighSchoolOrCollege,E,32,31-40,4675,1345,3330
271,0.331893543,3,TRUE,HighSchoolOrCollege,D,57,51 and above,4373,1502,2871
272,0.669281126,3,TRUE,HighSchoolOrCollege,F,47,41-50,3254,2192,1062
273,0.874083512,3,TRUE,HighSchoolOrCollege,B,46,41-50,2346,1762,584
274,0.79265137,3,TRUE,HighSchoolOrCollege,G,44,41-50,2968,1740,1227
275,0.173802734,3,TRUE,HighSchoolOrCollege,F,60,51 and above,4680,1203,3477
276,0.107405002,3,TRUE,Bachelors,A,50,41-50,7607,1449,6158
277,0.836787725,3,TRUE,HighSchoolOrCollege,E,34,31-40,2708,1900,808
278,0.259541618,3,TRUE,Bachelors,B,56,51 and above,7343,1207,6136
280,0.102762652,3,TRUE,Bachelors,J,25,21-30,7318,1148,6170
281,0.478284265,3,TRUE,HighSchoolOrCollege,C,27,21-30,4196,1500,2696
282,0.109360456,3,TRUE,HighSchoolOrCollege,B,38,31-40,4541,1207,3334
283,0.880967299,3,TRUE,Graduate,D,60,51 and above,6262,2268,3995
284,0.754293139,3,TRUE,HighSchoolOrCollege,B,52,51 and above,2099,1606,493
286,0.476984055,3,TRUE,HighSchoolOrCollege,E,20,20 & Below,4121,1566,2555
287,0.599616007,3,TRUE,HighSchoolOrCollege,E,51,51 and above,3890,1772,2118
289,0.955240694,3,TRUE,Graduate,E,35,31-40,6323,2060,4263
290,0.271552097,3,TRUE,Graduate,A,43,41-50,9552,1484,8068
291,0.370084679,3,TRUE,Low,E,37,31-40,2773,1502,1271
292,0.686374918,3,TRUE,Bachelors,B,27,21-30,3040,1815,1225
293,0.126082302,3,TRUE,HighSchoolOrCollege,F,31,31-40,4518,1446,3072
294,0.847052228,3,TRUE,HighSchoolOrCollege,G,24,21-30,2180,1745,435
295,0.439355556,3,TRUE,Graduate,F,41,41-50,8183,1614,6569
296,0.548350934,3,TRUE,Graduate,H,39,31-40,7888,1627,6261
297,0.057905387,3,TRUE,HighSchoolOrCollege,D,53,51 and above,4457,1022,3435
299,0.5149016,3,TRUE,HighSchoolOrCollege,I,35,31-40,3844,1532,2312
300,0.21434781,3,TRUE,HighSchoolOrCollege,H,58,51 and above,4421,1334,3087
302,0.254585434,3,TRUE,HighSchoolOrCollege,A,44,41-50,4447,1270,3178
303,0.543218407,3,TRUE,Graduate,F,34,31-40,7622,1704,5918
304,0.183595892,3,TRUE,HighSchoolOrCollege,H,50,41-50,4454,1225,3229
305,0.84325552,3,TRUE,Bachelors,C,31,31-40,3863,2118,1746
306,0.260386143,3,TRUE,HighSchoolOrCollege,I,49,41-50,4393,1300,3092
307,0.962210067,3,TRUE,Graduate,H,38,31-40,2776,1997,779
308,0.172405182,3,TRUE,HighSchoolOrCollege,F,30,21-30,4354,1486,2868
309,0.125682773,3,TRUE,HighSchoolOrCollege,E,30,21-30,4364,1502,2862
310,0.061286668,3,TRUE,HighSchoolOrCollege,H,29,21-30,4243,1483,2760
311,0.699020662,3,TRUE,HighSchoolOrCollege,D,45,41-50,2349,1613,736
312,0.260798961,3,TRUE,HighSchoolOrCollege,A,42,41-50,4234,1122,3112
313,0.093271632,3,TRUE,Low,I,55,51 and above,2953,1086,1867
314,0.633335142,3,TRUE,HighSchoolOrCollege,H,20,20 & Below,3788,1732,2056
315,0.287666416,3,TRUE,Graduate,B,25,21-30,8420,1381,7039
316,0.175386489,3,TRUE,HighSchoolOrCollege,H,34,31-40,4143,1305,2838
317,0.494087429,3,TRUE,Low,G,52,51 and above,2792,1480,1312
318,0.473772081,3,TRUE,HighSchoolOrCollege,F,55,51 and above,3734,1518,2216
319,0.253614379,3,TRUE,Low,B,32,31-40,2736,1369,1366
320,0.477539156,3,TRUE,Bachelors,G,53,51 and above,6561,1554,5007
321,0.842877969,3,TRUE,Graduate,F,18,20 & Below,5168,2419,2749
322,0.650831243,3,TRUE,HighSchoolOrCollege,I,59,51 and above,3642,1647,1995
323,0.757226712,3,TRUE,Graduate,B,31,31-40,6452,2571,3881
324,0.122182828,3,TRUE,HighSchoolOrCollege,C,48,41-50,4102,1338,2765
325,0.480441948,3,TRUE,HighSchoolOrCollege,I,19,20 & Below,3665,1432,2233
326,0.654885921,3,TRUE,Bachelors,F,24,21-30,6289,1678,4612
327,0.228872071,2,FALSE,HighSchoolOrCollege,C,55,51 and above,4156,1080,3076
328,0.346047608,2,FALSE,Low,H,51,51 and above,2646,1265,1381
329,0.085267909,2,FALSE,Bachelors,J,53,51 and above,7307,1033,6274
330,0.7738118,2,FALSE,Graduate,G,25,21-30,3310,1633,1676
331,0.417763616,2,FALSE,Graduate,G,18,20 & Below,6945,1380,5566
332,0.323175901,2,FALSE,Bachelors,H,23,21-30,7212,1284,5928
333,0.299174844,2,FALSE,Bachelors,G,37,31-40,7089,1109,5979
334,0.103185768,2,FALSE,Bachelors,J,22,21-30,6960,1249,5712
335,0.328727521,2,FALSE,Graduate,H,47,41-50,8284,1354,6930
336,0.600454813,2,FALSE,Graduate,G,56,51 and above,6438,1572,4866
337,0.108965479,2,FALSE,Graduate,B,58,51 and above,8301,1300,7001
338,0.713809975,2,FALSE,HighSchoolOrCollege,H,52,51 and above,2390,1720,670
339,0.21098913,2,FALSE,Bachelors,H,29,21-30,6941,1117,5824
340,0.034283769,2,FALSE,Graduate,E,33,31-40,8142,1332,6811
341,0.227355255,2,FALSE,HighSchoolOrCollege,G,34,31-40,4008,1382,2626
342,0.584828154,2,FALSE,HighSchoolOrCollege,E,43,41-50,3595,1474,2121
343,0.029688855,2,FALSE,Bachelors,C,42,41-50,6589,1227,5362
344,0.025541228,2,FALSE,HighSchoolOrCollege,D,41,41-50,3944,1213,2730
345,0.464569175,2,FALSE,Bachelors,E,36,31-40,6200,1562,4638
347,0.270904553,2,FALSE,Bachelors,D,30,21-30,6635,1303,5331
348,0.573738776,2,FALSE,HighSchoolOrCollege,A,43,41-50,3542,1545,1998
349,0.51011746,2,FALSE,HighSchoolOrCollege,B,19,20 & Below,3438,1489,1950
350,0.517999111,2,FALSE,Graduate,I,38,31-40,6278,1534,4744
351,0.269322751,2,FALSE,Bachelors,E,59,51 and above,6251,1324,4926
353,0.34088384,2,FALSE,Low,E,34,31-40,2573,1470,1103
354,0.21035075,2,FALSE,Low,C,60,51 and above,2709,1232,1478
355,0.735837586,2,FALSE,Graduate,J,38,31-40,5714,2053,3660
357,0.536520661,2,FALSE,Graduate,B,40,31-40,6128,1510,4618
358,0.969014671,2,FALSE,HighSchoolOrCollege,F,36,31-40,2541,1988,553
359,0.757990018,2,FALSE,HighSchoolOrCollege,H,43,41-50,2523,1905,618
360,0.41088011,2,FALSE,HighSchoolOrCollege,H,32,31-40,3519,1569,1950
361,0.299050559,2,FALSE,Low,F,32,31-40,2691,1410,1281
362,0.753234813,2,FALSE,HighSchoolOrCollege,D,28,21-30,3134,1966,1168
363,0.404476978,2,FALSE,Graduate,G,49,41-50,5811,1319,4492
364,0.253379525,2,FALSE,HighSchoolOrCollege,J,19,20 & Below,3979,1094,2885
365,0.438986616,2,FALSE,Low,G,20,20 & Below,2484,1456,1027
366,0.138808298,2,FALSE,HighSchoolOrCollege,H,39,31-40,3933,1198,2735
367,0.13664462,2,FALSE,HighSchoolOrCollege,B,29,21-30,3941,1335,2606
368,0.039923482,2,FALSE,Graduate,D,20,20 & Below,8136,1310,6826
369,0.139040705,2,FALSE,HighSchoolOrCollege,I,54,51 and above,3914,1234,2680
370,0.70247421,2,FALSE,Bachelors,J,33,31-40,5298,2021,3277
371,0.371688755,2,FALSE,HighSchoolOrCollege,E,38,31-40,3344,1595,1750
372,0.986983183,2,FALSE,Bachelors,A,18,20 & Below,3798,2128,1669
373,0.979407864,2,FALSE,Graduate,B,38,31-40,4524,1941,2583
374,0.85417223,2,FALSE,HighSchoolOrCollege,F,57,51 and above,2583,1769,814
375,0.184734538,2,FALSE,HighSchoolOrCollege,D,34,31-40,3815,1364,2451
376,0.141162784,2,FALSE,HighSchoolOrCollege,F,19,20 & Below,3809,1471,2338
377,0.035335186,2,FALSE,Graduate,G,30,21-30,7923,1022,6901
378,0.991810222,2,FALSE,HighSchoolOrCollege,C,60,51 and above,3055,2065,990
379,0.061959185,2,FALSE,HighSchoolOrCollege,F,38,31-40,3836,1045,2792
381,0.621188126,2,FALSE,HighSchoolOrCollege,A,59,51 and above,3215,1635,1580
385,0.569018722,2,FALSE,HighSchoolOrCollege,F,19,20 & Below,3216,1613,1603
386,0.479804894,2,FALSE,Graduate,H,39,31-40,5658,1567,4091
387,0.401545108,2,FALSE,HighSchoolOrCollege,G,58,51 and above,3176,1508,1668
388,0.687759804,2,FALSE,Graduate,A,48,41-50,4463,2192,2272
389,0.596117189,2,FALSE,Graduate,J,52,51 and above,5095,1502,3594
390,0.76530714,2,FALSE,Bachelors,J,31,31-40,3359,1902,1457
391,0.140477262,2,FALSE,Low,G,42,41-50,2681,1144,1537
393,0.909124868,2,FALSE,HighSchoolOrCollege,G,26,21-30,2937,1841,1096
394,0.52722067,2,FALSE,HighSchoolOrCollege,A,54,51 and above,3172,1494,1678
395,0.675097131,2,FALSE,Graduate,G,54,51 and above,3951,2075,1877
396,0.364809779,2,FALSE,Bachelors,G,41,41-50,5746,1526,4220
397,0.396967817,2,FALSE,HighSchoolOrCollege,H,60,51 and above,3209,1513,1696
398,0.963462391,2,FALSE,Bachelors,I,53,51 and above,4001,2064,1937
399,0.082643442,2,FALSE,HighSchoolOrCollege,J,33,31-40,3766,1478,2289
400,0.512379139,2,FALSE,HighSchoolOrCollege,F,36,31-40,3125,1769,1356
401,0.264710804,2,FALSE,HighSchoolOrCollege,J,47,41-50,3775,1331,2444
402,0.674497947,2,FALSE,HighSchoolOrCollege,J,24,21-30,2200,1694,506
403,0.884407261,2,FALSE,Bachelors,J,44,41-50,3698,1982,1716
404,0.230962551,2,FALSE,Low,I,58,51 and above,2574,1228,1346
405,0.617829242,2,FALSE,HighSchoolOrCollege,D,25,21-30,3169,1590,1579
408,0.794096009,2,FALSE,Bachelors,H,33,31-40,2707,1894,813
409,0.645271398,2,FALSE,Graduate,H,18,20 & Below,4687,1709,2978
410,0.175733331,2,FALSE,HighSchoolOrCollege,B,42,41-50,3784,1384,2400
411,0.507728111,2,FALSE,HighSchoolOrCollege,I,21,21-30,3152,1602,1549
412,0.662852559,2,FALSE,HighSchoolOrCollege,A,58,51 and above,2214,1713,501
413,0.106292289,2,FALSE,Graduate,D,56,51 and above,7789,1431,6358
414,0.171319189,2,FALSE,HighSchoolOrCollege,G,24,21-30,3726,1459,2267
415,0.128459971,2,FALSE,HighSchoolOrCollege,I,18,20 & Below,3761,1224,2538
416,0.370202736,2,FALSE,Bachelors,G,30,21-30,5733,1532,4201
417,0.695894652,2,FALSE,HighSchoolOrCollege,G,38,31-40,2766,1775,992
418,0.976850716,2,FALSE,HighSchoolOrCollege,E,44,41-50,3086,1805,1281
419,0.622118277,2,FALSE,Low,A,36,31-40,2444,1786,657
420,0.085672033,1,FALSE,HighSchoolOrCollege,G,55,51 and above,3728,667,3061
421,0.517662469,1,FALSE,Bachelors,A,38,31-40,5645,1078,4567
422,0.647441392,1,FALSE,Graduate,D,27,21-30,4303,1152,3151
423,0.132465984,1,FALSE,HighSchoolOrCollege,I,53,51 and above,3685,713,2972
424,0.723576465,1,FALSE,HighSchoolOrCollege,D,49,41-50,1917,1518,399
425,0.334417031,1,FALSE,HighSchoolOrCollege,E,33,31-40,3121,1120,2001
426,0.469702696,1,FALSE,Graduate,G,41,41-50,4031,1128,2903
427,0.916735753,1,FALSE,Bachelors,H,37,31-40,4764,1500,3264
428,0.09631243,1,FALSE,HighSchoolOrCollege,G,44,41-50,3663,675,2988
429,0.059265966,1,FALSE,Graduate,H,53,51 and above,7688,906,6782
430,0.949453894,1,FALSE,HighSchoolOrCollege,C,49,41-50,2489,1705,784
431,0.420302416,1,FALSE,HighSchoolOrCollege,E,20,20 & Below,3046,1166,1880
432,0.981851015,1,FALSE,Bachelors,G,26,21-30,2405,1305,1100
433,9.85E-04,1,FALSE,Bachelors,G,32,31-40,6353,640,5713
434,0.618031654,1,FALSE,Bachelors,A,25,21-30,5479,1254,4225
435,0.725281643,1,FALSE,Low,C,27,21-30,1919,1703,216
436,0.949412047,1,FALSE,HighSchoolOrCollege,J,36,31-40,1924,1475,449
437,0.450502705,1,FALSE,HighSchoolOrCollege,G,25,21-30,3017,1096,1920
438,0.63736647,1,FALSE,Graduate,D,43,41-50,3907,1199,2708
439,0.930702522,1,FALSE,HighSchoolOrCollege,I,35,31-40,2661,1848,813
440,0.049076886,1,FALSE,HighSchoolOrCollege,H,32,31-40,3710,966,2744
441,0.800759302,1,FALSE,HighSchoolOrCollege,C,49,41-50,1926,1772,154
442,0.523649971,1,FALSE,Bachelors,J,27,21-30,5040,1195,3844
443,0.758121962,1,FALSE,HighSchoolOrCollege,F,56,51 and above,1918,1627,291
444,0.048951659,1,FALSE,Graduate,H,30,21-30,7674,760,6914
445,0.496667064,1,FALSE,Bachelors,B,23,21-30,4891,1243,3648
446,0.154285175,1,FALSE,Graduate,B,31,31-40,7509,988,6521
447,0.689153128,1,FALSE,Graduate,G,49,41-50,3672,1431,2241
448,0.924288993,1,FALSE,Graduate,E,28,21-30,3847,1458,2389
449,0.392066569,1,FALSE,Graduate,H,41,41-50,3655,1258,2397
450,0.504323829,1,FALSE,HighSchoolOrCollege,A,35,31-40,2915,1122,1793
451,0.164418633,1,FALSE,HighSchoolOrCollege,G,19,20 & Below,3586,824,2762
452,0.742684694,1,FALSE,HighSchoolOrCollege,J,18,20 & Below,2065,1386,679
453,0.811967182,1,FALSE,HighSchoolOrCollege,H,35,31-40,1924,1300,624
454,0.249578287,1,FALSE,Bachelors,B,43,41-50,6032,995,5037
455,0.158418515,1,FALSE,HighSchoolOrCollege,F,49,41-50,3607,1032,2575
456,0.685091778,1,FALSE,HighSchoolOrCollege,H,25,21-30,2098,1358,739
457,0.151671229,1,FALSE,HighSchoolOrCollege,F,57,51 and above,3590,775,2815
458,0.312528351,1,FALSE,HighSchoolOrCollege,A,24,21-30,3552,1016,2536
459,0.344762529,1,FALSE,Bachelors,J,18,20 & Below,4881,1263,3618
460,0.969102133,1,FALSE,Bachelors,J,37,31-40,2672,1375,1297
461,0.302215803,1,FALSE,Bachelors,D,55,51 and above,6001,788,5214
462,0.773790326,1,FALSE,Low,H,60,51 and above,1909,1570,340
463,0.353252364,1,FALSE,Graduate,F,42,41-50,3539,1154,2385
464,0.923037343,1,FALSE,Graduate,C,31,31-40,3502,1378,2124
465,0.329111154,1,FALSE,HighSchoolOrCollege,J,29,21-30,3541,817,2724
466,0.191165293,1,FALSE,HighSchoolOrCollege,I,20,20 & Below,3542,872,2670
467,0.586290946,1,FALSE,HighSchoolOrCollege,C,38,31-40,2917,1308,1609
468,0.45189519,1,FALSE,HighSchoolOrCollege,J,40,31-40,2885,1149,1736
469,0.554244414,1,FALSE,Bachelors,H,26,21-30,4905,1156,3749
470,0.679944615,1,FALSE,HighSchoolOrCollege,J,18,20 & Below,2703,698,2006
471,0.039582663,1,FALSE,Graduate,J,36,31-40,7450,639,6811
472,0.941687305,1,FALSE,Graduate,E,59,51 and above,2566,1509,1056
473,0.614071428,1,FALSE,Bachelors,B,60,51 and above,4800,1211,3588
474,0.088574034,1,FALSE,Graduate,I,49,41-50,7331,606,6725
475,0.237641609,1,FALSE,Graduate,E,24,21-30,7130,1196,5933
476,0.094335508,1,FALSE,HighSchoolOrCollege,C,26,21-30,3534,1098,2436
477,0.383485068,1,FALSE,HighSchoolOrCollege,B,37,31-40,2834,1207,1627
478,0.495874155,1,FALSE,Bachelors,D,58,51 and above,4801,1182,3620
479,0.753570226,1,FALSE,HighSchoolOrCollege,A,58,51 and above,1957,1572,385
480,0.211241597,1,FALSE,HighSchoolOrCollege,B,39,31-40,3547,948,2599
481,0.563457797,1,FALSE,Low,B,44,41-50,2452,1332,1120
482,0.012329643,1,FALSE,HighSchoolOrCollege,I,55,51 and above,3511,949,2562
483,0.209746249,1,FALSE,Graduate,J,36,31-40,6974,1039,5935
484,0.936547208,1,FALSE,Bachelors,B,42,41-50,2784,1485,1299
485,0.24042683,1,FALSE,Low,F,28,21-30,2555,1004,1551
486,0.02038719,1,FALSE,Low,G,29,21-30,2486,882,1604
487,0.471347147,1,FALSE,Bachelors,I,49,41-50,4629,1221,3408
488,0.770104322,1,FALSE,HighSchoolOrCollege,F,51,51 and above,2005,1414,591
489,0.107608661,1,FALSE,Bachelors,A,24,21-30,6001,810,5190
490,0.008404856,1,FALSE,HighSchoolOrCollege,D,46,41-50,3557,918,2639
491,0.843920569,1,FALSE,Bachelors,B,19,20 & Below,4551,1028,3523
492,0.364100624,1,FALSE,Bachelors,I,58,51 and above,4467,1057,3410
493,0.641308283,1,FALSE,Bachelors,I,29,21-30,4478,1325,3153
494,0.149860389,1,FALSE,HighSchoolOrCollege,E,40,31-40,3537,827,2709
495,0.478280008,1,FALSE,HighSchoolOrCollege,H,47,41-50,2831,1421,1410
496,0.145298865,1,FALSE,HighSchoolOrCollege,F,49,41-50,3460,755,2705
497,0.906250776,1,FALSE,HighSchoolOrCollege,D,28,21-30,2582,1718,864
498,0.653874654,1,FALSE,HighSchoolOrCollege,B,49,41-50,2795,1326,1469
499,0.494442294,1,FALSE,Graduate,I,28,21-30,6977,1092,5885
500,0.239743189,1,FALSE,HighSchoolOrCollege,C,53,51 and above,3476,1162,2315
501,0.895202266,1,FALSE,Bachelors,E,23,21-30,2760,1554,1206
502,0.597042481,1,FALSE,HighSchoolOrCollege,F,18,20 & Below,2837,1344,1493
503,0.892482505,1,FALSE,HighSchoolOrCollege,A,24,21-30,1964,1566,398
504,0.108711953,3,TRUE,HighSchoolOrCollege,C,35,31-40,3430,1391,2038
505,0.466477753,3,TRUE,HighSchoolOrCollege,F,45,41-50,3431,1811,1620
506,0.602514117,3,TRUE,Graduate,E,34,31-40,6973,1555,5418
507,0.293051648,3,TRUE,Low,G,34,31-40,2338,1672,665
508,0.87972655,3,TRUE,HighSchoolOrCollege,F,31,31-40,2966,1940,1026
511,0.173537994,3,TRUE,HighSchoolOrCollege,C,27,21-30,3418,1443,1974
513,0.306487271,3,TRUE,HighSchoolOrCollege,H,57,51 and above,3434,1422,2012
515,0.41490899,3,TRUE,HighSchoolOrCollege,H,32,31-40,3361,1521,1840
516,0.369711957,3,TRUE,HighSchoolOrCollege,A,22,21-30,3203,1677,1526
517,0.460451549,3,TRUE,HighSchoolOrCollege,I,35,31-40,3184,1506,1678
518,0.379599106,3,TRUE,HighSchoolOrCollege,A,44,41-50,3166,1520,1646
519,0.974802854,3,TRUE,HighSchoolOrCollege,E,18,20 & Below,2492,1974,519
520,0.154725513,3,TRUE,Bachelors,H,40,31-40,5835,1408,4428
521,0.477456741,3,TRUE,HighSchoolOrCollege,I,39,31-40,3060,1432,1628
522,0.277699434,3,TRUE,Low,E,20,20 & Below,2346,1365,981
524,0.262933648,3,TRUE,Bachelors,C,33,31-40,5834,1369,4465
525,0.01017311,3,TRUE,HighSchoolOrCollege,D,55,51 and above,3372,1098,2274
527,0.543392106,3,TRUE,HighSchoolOrCollege,F,31,31-40,2994,1755,1239
528,0.008329855,3,TRUE,HighSchoolOrCollege,C,44,41-50,3352,1116,2236
529,0.568405413,3,TRUE,Graduate,D,27,21-30,6534,1548,4986
530,0.585489943,3,TRUE,HighSchoolOrCollege,A,42,41-50,2969,1627,1343
531,0.134122197,3,TRUE,HighSchoolOrCollege,D,54,51 and above,3333,1482,1851
532,0.303479796,3,TRUE,Graduate,B,51,51 and above,6696,1462,5234
533,0.504013735,3,TRUE,HighSchoolOrCollege,E,51,51 and above,2945,1709,1236
534,0.298257944,3,TRUE,Bachelors,F,50,41-50,5777,1608,4169
535,0.428775106,3,TRUE,Bachelors,H,46,41-50,5657,1641,4016
536,0.137689076,3,TRUE,HighSchoolOrCollege,J,46,41-50,3321,1358,1963
537,0.969868254,3,TRUE,HighSchoolOrCollege,D,42,41-50,2506,1941,565
538,0.617029061,3,TRUE,Bachelors,C,22,21-30,5681,1751,3930
540,0.820897579,3,TRUE,Bachelors,C,44,41-50,2497,1815,682
542,0.149424876,3,TRUE,Bachelors,D,27,21-30,5760,1506,4255
543,0.557004306,3,TRUE,HighSchoolOrCollege,D,54,51 and above,2967,1780,1187
544,0.574526753,3,TRUE,Bachelors,G,18,20 & Below,5620,1577,4043
545,0.632529807,3,TRUE,HighSchoolOrCollege,B,18,20 & Below,2939,1761,1178
546,0.061282494,3,TRUE,Bachelors,H,60,51 and above,5653,1581,4072
547,0.065619544,3,TRUE,Bachelors,J,20,20 & Below,5686,1446,4240
548,0.061410383,3,TRUE,Bachelors,H,54,51 and above,5685,1569,4116
549,0.211903193,3,TRUE,HighSchoolOrCollege,F,40,31-40,3330,1481,1849
550,0.420901962,3,TRUE,HighSchoolOrCollege,J,46,41-50,2909,1687,1221
551,0.492572167,3,TRUE,Graduate,D,58,51 and above,6466,1840,4626
552,0.057542458,3,TRUE,Graduate,E,60,51 and above,6570,1202,5368
554,0.551760119,3,TRUE,HighSchoolOrCollege,C,29,21-30,2897,1587,1309
555,0.604777434,3,TRUE,HighSchoolOrCollege,J,23,21-30,2837,1737,1100
556,0.626384882,3,TRUE,HighSchoolOrCollege,B,30,21-30,2774,1863,912
557,0.540412762,3,TRUE,HighSchoolOrCollege,D,18,20 & Below,2813,1700,1113
559,0.684335696,3,TRUE,Bachelors,A,60,51 and above,3538,1894,1645
560,0.240288209,3,TRUE,HighSchoolOrCollege,D,46,41-50,3315,1468,1848
561,0.24858955,3,TRUE,HighSchoolOrCollege,A,51,51 and above,3291,1582,1709
562,0.329193948,3,TRUE,Bachelors,J,49,41-50,5581,1395,4186
563,0.970166283,3,TRUE,Bachelors,I,41,41-50,5150,2104,3046
564,0.842958885,3,TRUE,Bachelors,G,38,31-40,2666,1739,926
565,0.906449778,3,TRUE,Bachelors,C,56,51 and above,3281,2114,1167
566,0.401423701,3,TRUE,HighSchoolOrCollege,C,22,21-30,2812,1591,1222
569,0.650812395,3,TRUE,HighSchoolOrCollege,C,20,20 & Below,2748,1807,941
570,0.539205582,3,TRUE,Bachelors,C,49,41-50,5487,1947,3540
571,0.36821258,3,TRUE,HighSchoolOrCollege,D,57,51 and above,2725,1701,1024
573,0.978406157,3,TRUE,Graduate,I,49,41-50,2506,1803,703
576,0.968722072,3,TRUE,Graduate,D,23,21-30,3688,1819,1869
578,0.98284777,3,TRUE,Bachelors,E,21,21-30,2432,1872,560
579,0.768714853,2,FALSE,Bachelors,F,48,41-50,3458,1981,1477
581,0.417992624,2,FALSE,Graduate,J,60,51 and above,6162,1748,4414
582,0.468741471,2,FALSE,HighSchoolOrCollege,D,50,41-50,2715,1659,1056
583,0.568154176,2,FALSE,Graduate,J,50,41-50,5414,1619,3796
584,0.130737765,2,FALSE,Bachelors,H,36,31-40,5396,1283,4113
585,0.265413241,2,FALSE,Bachelors,D,34,31-40,5292,1217,4076
586,0.008705951,2,FALSE,HighSchoolOrCollege,B,41,41-50,3264,1051,2213
587,0.444743825,2,FALSE,HighSchoolOrCollege,F,51,51 and above,2680,1826,854
588,0.412038273,2,FALSE,HighSchoolOrCollege,I,45,41-50,2609,1856,753
590,0.448569158,2,FALSE,HighSchoolOrCollege,A,53,51 and above,2618,1487,1132
591,0.263048698,2,FALSE,Bachelors,H,54,51 and above,5283,1215,4068
592,0.22126511,2,FALSE,Graduate,A,32,31-40,6257,1415,4842
593,0.919710751,2,FALSE,HighSchoolOrCollege,A,43,41-50,2361,1725,636
594,0.278112333,2,FALSE,Graduate,F,37,31-40,6166,1443,4723
596,0.967555161,2,FALSE,Graduate,F,19,20 & Below,4802,2041,2762
597,0.408345757,2,FALSE,HighSchoolOrCollege,I,30,21-30,2626,1481,1145
598,0.171959185,2,FALSE,HighSchoolOrCollege,H,22,21-30,3272,1479,1792
600,0.791591163,2,FALSE,Bachelors,C,49,41-50,3773,1940,1833
601,0.585843678,2,FALSE,HighSchoolOrCollege,E,32,31-40,2551,1606,945
606,0.370138058,2,FALSE,HighSchoolOrCollege,H,28,21-30,2550,1474,1076
607,0.370246957,2,FALSE,HighSchoolOrCollege,I,53,51 and above,2442,1614,828
608,0.358497175,2,FALSE,HighSchoolOrCollege,B,24,21-30,2474,1629,845
609,0.213011118,2,FALSE,Bachelors,H,42,41-50,5259,1500,3760
610,0.526105544,2,FALSE,Graduate,G,58,51 and above,5447,1528,3918
612,0.034839253,2,FALSE,Bachelors,J,41,41-50,5046,1411,3636
613,0.541632245,2,FALSE,HighSchoolOrCollege,E,46,41-50,2436,1582,854
614,0.059062573,2,FALSE,HighSchoolOrCollege,H,45,41-50,3197,1500,1697
616,0.544782269,2,FALSE,HighSchoolOrCollege,J,52,51 and above,2433,1612,822
618,0.089915241,2,FALSE,HighSchoolOrCollege,E,22,21-30,3169,1437,1732
619,0.025245948,2,FALSE,HighSchoolOrCollege,E,31,31-40,3154,1445,1708
620,0.673541165,2,FALSE,Bachelors,A,31,31-40,2902,1837,1065
622,0.719188185,2,FALSE,Bachelors,J,54,51 and above,4829,2138,2691
623,0.576129491,2,FALSE,HighSchoolOrCollege,B,56,51 and above,2442,1543,899
624,0.916163673,2,FALSE,Bachelors,C,31,31-40,4816,2093,2723
625,0.604580267,2,FALSE,HighSchoolOrCollege,G,35,31-40,2457,1681,776
626,0.793880506,2,FALSE,Bachelors,D,28,21-30,4489,1916,2573
627,0.26189132,2,FALSE,Bachelors,H,60,51 and above,5081,1314,3767
630,0.653881117,2,FALSE,Bachelors,G,30,21-30,4946,1658,3288
631,0.217949026,2,FALSE,HighSchoolOrCollege,G,56,51 and above,3133,1496,1636
632,0.243164359,2,FALSE,Bachelors,J,38,31-40,4981,1473,3508
633,0.227976736,2,FALSE,Graduate,H,32,31-40,6027,1687,4341
635,0.447001762,2,FALSE,Graduate,J,33,31-40,5367,1523,3844
636,0.104168464,2,FALSE,HighSchoolOrCollege,A,39,31-40,3133,1449,1684
637,0.573248725,2,FALSE,Bachelors,F,23,21-30,4991,1633,3359
638,0.221999544,2,FALSE,HighSchoolOrCollege,I,48,41-50,3072,1416,1656
640,0.686982312,2,FALSE,Bachelors,D,24,21-30,3677,1674,2003
642,0.261732596,2,FALSE,HighSchoolOrCollege,D,37,31-40,3044,1311,1734
644,0.130781968,2,FALSE,HighSchoolOrCollege,A,37,31-40,3007,1433,1574
645,0.134078822,2,FALSE,Graduate,E,33,31-40,5959,1473,4486
646,0.962520694,2,FALSE,Graduate,I,36,31-40,4000,1805,2195
648,0.634994302,2,FALSE,Bachelors,B,49,41-50,4892,1620,3272
649,0.042960665,2,FALSE,HighSchoolOrCollege,A,38,31-40,3038,1502,1536
650,0.846974117,2,FALSE,Graduate,C,31,31-40,5281,2303,2977
651,0.047571871,2,FALSE,HighSchoolOrCollege,E,24,21-30,3027,1416,1611
652,0.665307968,2,FALSE,Bachelors,B,30,21-30,3407,1947,1460
654,0.872069831,2,FALSE,Bachelors,C,19,20 & Below,3659,2011,1648
656,0.315950154,2,FALSE,Bachelors,F,41,41-50,4870,1377,3494
659,0.741834688,2,FALSE,Graduate,H,49,41-50,4734,1998,2736
660,0.354910317,2,FALSE,Bachelors,D,30,21-30,4517,1615,2901
661,0.056860736,2,FALSE,HighSchoolOrCollege,H,22,21-30,2988,1336,1651
662,0.038611164,2,FALSE,Graduate,H,47,41-50,5760,1284,4476
664,0.270124892,2,FALSE,HighSchoolOrCollege,H,53,51 and above,2964,1361,1602
665,0.172855291,2,FALSE,HighSchoolOrCollege,G,30,21-30,2969,1731,1238
666,0.328627654,2,FALSE,Bachelors,J,32,31-40,4838,1474,3364
667,0.037996177,2,FALSE,HighSchoolOrCollege,F,19,20 & Below,2942,1512,1430
669,0.183180758,2,FALSE,HighSchoolOrCollege,B,28,21-30,2935,1335,1600
671,0.270624129,2,FALSE,HighSchoolOrCollege,C,51,51 and above,2898,1435,1463
672,0.470322266,1,FALSE,Bachelors,I,22,21-30,4454,1019,3435
673,0.051798314,1,FALSE,Low,I,23,21-30,2247,926,1321
674,0.543992757,1,FALSE,HighSchoolOrCollege,F,43,41-50,2238,1224,1014
675,0.545251458,1,FALSE,HighSchoolOrCollege,A,55,51 and above,2171,1346,826
676,0.068612756,1,FALSE,HighSchoolOrCollege,J,37,31-40,2914,783,2131
677,0.137446199,1,FALSE,HighSchoolOrCollege,A,47,41-50,2914,1008,1906
678,0.90601112,1,FALSE,Bachelors,D,38,31-40,2468,1534,934
679,0.980481087,1,FALSE,Graduate,F,54,51 and above,2347,1384,964
680,0.141341978,1,FALSE,Low,C,48,41-50,2232,1155,1077
681,0.440943662,1,FALSE,HighSchoolOrCollege,G,51,51 and above,2192,1385,808
682,0.392351739,1,FALSE,HighSchoolOrCollege,B,32,31-40,2157,1245,912
683,0.241410497,1,FALSE,Graduate,G,31,31-40,5863,1067,4796
684,0.411069142,1,FALSE,Graduate,C,30,21-30,4826,1074,3752
685,0.599260494,1,FALSE,Bachelors,A,42,41-50,4384,1258,3125
686,0.786524128,1,FALSE,Bachelors,C,21,21-30,3130,1357,1774
687,0.954361914,1,FALSE,HighSchoolOrCollege,G,48,41-50,1947,1440,507
688,0.434048369,1,FALSE,HighSchoolOrCollege,J,50,41-50,2136,1261,874
689,0.42355875,1,FALSE,Bachelors,G,49,41-50,4246,1127,3120
690,0.467859308,1,FALSE,Low,C,50,41-50,2162,1162,1000
691,0.609420425,1,FALSE,Graduate,D,36,31-40,4682,1285,3396
692,0.560883015,1,FALSE,Graduate,C,54,51 and above,4657,1194,3463
693,0.402956862,1,FALSE,HighSchoolOrCollege,B,39,31-40,2133,1115,1018
694,0.391601344,1,FALSE,HighSchoolOrCollege,J,55,51 and above,2103,1154,950
695,0.54286479,1,FALSE,Bachelors,H,55,51 and above,4242,1102,3141
696,0.452363587,1,FALSE,Bachelors,H,44,41-50,4098,1294,2804
697,0.976239224,1,FALSE,HighSchoolOrCollege,A,26,21-30,1936,1582,355
698,0.674877675,1,FALSE,Bachelors,C,24,21-30,4170,890,3280
699,0.055989127,1,FALSE,HighSchoolOrCollege,A,33,31-40,2870,588,2282
700,0.907301342,1,FALSE,HighSchoolOrCollege,I,28,21-30,2033,1278,755
701,0.440877016,1,FALSE,HighSchoolOrCollege,G,50,41-50,2087,1278,809
702,0.288396985,1,FALSE,Bachelors,J,49,41-50,4730,527,4203
703,0.609793327,1,FALSE,HighSchoolOrCollege,F,49,41-50,2024,1304,720
704,0.746716458,1,FALSE,HighSchoolOrCollege,C,44,41-50,1936,1558,379
705,0.692283941,1,FALSE,HighSchoolOrCollege,E,50,41-50,1949,1472,478
706,0.404529522,1,FALSE,HighSchoolOrCollege,I,24,21-30,2017,1145,872
707,0.275811473,1,FALSE,HighSchoolOrCollege,F,57,51 and above,2879,547,2332
708,0.570765537,1,FALSE,HighSchoolOrCollege,J,23,21-30,2019,1180,839
709,0.100837923,1,FALSE,HighSchoolOrCollege,G,52,51 and above,2852,1021,1831
710,0.324954076,1,FALSE,Bachelors,F,50,41-50,4716,978,3738
711,0.942801579,1,FALSE,Bachelors,D,27,21-30,4049,655,3394
712,0.325503058,1,FALSE,HighSchoolOrCollege,C,51,51 and above,2846,608,2239
713,0.11885355,1,FALSE,Bachelors,D,22,21-30,4697,582,4115
714,0.905015948,1,FALSE,Graduate,C,50,41-50,4050,1686,2364
715,0.373642689,1,FALSE,Graduate,D,58,51 and above,4382,1293,3089
716,0.132319548,1,FALSE,Bachelors,H,20,20 & Below,4719,777,3941
717,0.318139199,1,FALSE,HighSchoolOrCollege,G,36,31-40,2820,582,2238
718,0.839634412,1,FALSE,Graduate,E,19,20 & Below,3282,927,2355
719,0.960391982,1,FALSE,Low,F,47,41-50,1904,1448,456
720,0.930475595,1,FALSE,Graduate,C,56,51 and above,2201,1692,509
721,0.232407811,1,FALSE,Bachelors,I,24,21-30,4643,647,3996
722,0.634111119,1,FALSE,HighSchoolOrCollege,E,35,31-40,1986,1263,723
723,0.315916767,1,FALSE,HighSchoolOrCollege,E,55,51 and above,2815,590,2225
724,0.241785645,1,FALSE,Low,B,50,41-50,2213,1087,1125
725,0.624709649,1,FALSE,HighSchoolOrCollege,A,57,51 and above,1982,1272,710
726,0.502901494,1,FALSE,HighSchoolOrCollege,A,20,20 & Below,1988,1178,810
727,0.945430646,1,FALSE,Bachelors,J,58,51 and above,3662,1352,2309
728,0.037220396,1,FALSE,Low,H,38,31-40,2140,1087,1053
729,0.465075787,1,FALSE,HighSchoolOrCollege,H,19,20 & Below,1933,1231,703
730,0.748473896,1,FALSE,HighSchoolOrCollege,A,48,41-50,1930,1466,464
731,0.619208795,1,FALSE,Bachelors,B,44,41-50,4091,1325,2766
732,0.240042805,1,FALSE,Graduate,A,41,41-50,5638,1130,4508
733,0.298490597,1,FALSE,Low,J,50,41-50,2133,1016,1116
734,0.522010625,1,FALSE,Bachelors,H,38,31-40,3764,1147,2617
735,0.063256748,1,FALSE,Low,F,51,51 and above,2126,862,1264
736,0.130649539,1,FALSE,HighSchoolOrCollege,B,46,41-50,2802,1036,1765
737,0.933937799,1,FALSE,Bachelors,F,43,41-50,3383,1534,1848
738,0.879171582,1,FALSE,Bachelors,G,23,21-30,2454,1427,1027
739,0.68222841,1,FALSE,HighSchoolOrCollege,I,49,41-50,1931,1149,782
740,0.409040073,1,FALSE,HighSchoolOrCollege,A,41,41-50,1945,1367,578
741,0.187180439,1,FALSE,HighSchoolOrCollege,C,49,41-50,2808,796,2012
742,0.091096884,1,FALSE,HighSchoolOrCollege,I,57,51 and above,2777,974,1803
743,0.077442954,1,FALSE,Bachelors,C,51,51 and above,4632,997,3635
744,0.447644949,1,FALSE,HighSchoolOrCollege,G,57,51 and above,1921,1216,705
745,0.10382656,1,FALSE,HighSchoolOrCollege,J,50,41-50,2778,1003,1775
746,0.588102942,1,FALSE,HighSchoolOrCollege,G,19,20 & Below,1928,1186,742
747,0.066469676,1,FALSE,HighSchoolOrCollege,A,36,31-40,2765,1188,1577
748,0.874661744,1,FALSE,Graduate,E,26,21-30,3806,905,2902
749,0.017790641,1,FALSE,HighSchoolOrCollege,G,58,51 and above,2798,615,2182
750,0.262320121,1,FALSE,Bachelors,G,30,21-30,4595,636,3960
751,0.77217008,1,FALSE,Graduate,E,32,31-40,4107,1691,2416
752,0.736149674,1,FALSE,Graduate,E,47,41-50,4275,858,3417
753,0.339503386,1,FALSE,Bachelors,J,21,21-30,3734,1107,2627
754,0.17565975,1,FALSE,Bachelors,A,34,31-40,4568,597,3971
755,0.414137953,1,FALSE,HighSchoolOrCollege,C,58,51 and above,1926,1363,563
758,2.04E-04,3,TRUE,HighSchoolOrCollege,C,56,51 and above,2734,1346,1388
759,0.880468848,3,TRUE,Graduate,I,54,51 and above,2560,1704,856
763,0.338259596,3,TRUE,Graduate,F,27,21-30,5452,1583,3869
764,0.12564865,3,TRUE,HighSchoolOrCollege,C,52,51 and above,2676,1433,1242
765,0.740682908,3,TRUE,Graduate,E,29,21-30,5297,2457,2840
766,0.573952621,3,TRUE,HighSchoolOrCollege,F,38,31-40,2688,1693,994
767,0.268937352,3,TRUE,HighSchoolOrCollege,J,18,20 & Below,2671,1470,1201
769,0.289569911,3,TRUE,Graduate,D,28,21-30,5690,1417,4273
770,0.623466515,3,TRUE,Bachelors,G,32,31-40,4372,1894,2478
772,0.806871224,3,TRUE,Graduate,A,38,31-40,3464,1963,1502
775,0.453217413,3,TRUE,HighSchoolOrCollege,J,41,41-50,2625,1622,1003
776,0.321067111,3,TRUE,Bachelors,D,34,31-40,4490,1772,2718
777,0.112504967,3,TRUE,HighSchoolOrCollege,D,48,41-50,2661,1628,1034
778,0.449689991,3,TRUE,HighSchoolOrCollege,J,18,20 & Below,2608,1776,832
779,0.193751151,3,TRUE,HighSchoolOrCollege,G,31,31-40,2650,1402,1248
781,0.1411042,3,TRUE,HighSchoolOrCollege,J,42,41-50,2651,1684,967
782,0.834580963,3,TRUE,Bachelors,J,30,21-30,3646,1750,1896
783,0.377309384,3,TRUE,HighSchoolOrCollege,B,47,41-50,2600,1590,1010
784,0.517238511,3,TRUE,HighSchoolOrCollege,D,54,51 and above,2597,1655,942
786,0.001365799,3,TRUE,HighSchoolOrCollege,B,23,21-30,2654,1099,1556
787,0.14514474,3,TRUE,HighSchoolOrCollege,H,37,31-40,2652,1592,1061
788,0.415138085,3,TRUE,HighSchoolOrCollege,A,31,31-40,2599,1604,995
795,0.517422334,3,TRUE,HighSchoolOrCollege,A,50,41-50,2545,1726,819
796,0.430036143,3,TRUE,HighSchoolOrCollege,F,58,51 and above,2620,1634,986
797,0.665923892,3,TRUE,HighSchoolOrCollege,J,30,21-30,2568,1878,690
798,0.96008167,3,TRUE,Bachelors,I,36,31-40,3520,1833,1687
800,0.027591944,3,TRUE,Graduate,I,50,41-50,5584,1330,4254
801,0.490190335,3,TRUE,Graduate,I,43,41-50,5429,1552,3877
803,0.217382928,3,TRUE,HighSchoolOrCollege,B,43,41-50,2633,1528,1105
804,0.468583888,3,TRUE,HighSchoolOrCollege,A,18,20 & Below,2539,1665,874
805,0.328587955,3,TRUE,HighSchoolOrCollege,I,19,20 & Below,2642,1702,940
807,0.033479552,3,TRUE,HighSchoolOrCollege,F,27,21-30,2637,1314,1323
809,0.457280127,3,TRUE,HighSchoolOrCollege,B,43,41-50,2572,1582,989
810,0.144875993,3,TRUE,HighSchoolOrCollege,C,46,41-50,2640,1264,1375
811,0.030335914,3,TRUE,Graduate,D,27,21-30,5453,1558,3895
812,0.619525261,3,TRUE,HighSchoolOrCollege,F,44,41-50,2562,1708,854
813,0.539387528,3,TRUE,HighSchoolOrCollege,F,29,21-30,2526,1872,654
814,0.44174758,3,TRUE,Bachelors,F,54,51 and above,4407,1711,2696
815,0.521630433,3,TRUE,HighSchoolOrCollege,F,38,31-40,2499,1790,708
819,0.283066289,3,TRUE,Graduate,C,18,20 & Below,5356,1574,3782
820,0.065357535,3,TRUE,Bachelors,E,44,41-50,4486,1166,3320
821,0.053564289,3,TRUE,HighSchoolOrCollege,H,35,31-40,2637,1280,1356
822,0.202769644,3,TRUE,HighSchoolOrCollege,B,57,51 and above,2592,1625,967
823,0.269842118,3,TRUE,Graduate,A,22,21-30,5324,1367,3957
826,0.610736625,3,TRUE,Graduate,J,28,21-30,5234,1652,3582
829,0.280151127,3,TRUE,HighSchoolOrCollege,B,26,21-30,2625,1273,1352
830,0.152431791,3,TRUE,Bachelors,G,57,51 and above,4395,1351,3044
833,0.139770688,2,FALSE,HighSchoolOrCollege,D,22,21-30,2620,1308,1312
835,0.957400017,2,FALSE,Bachelors,D,49,41-50,3997,1885,2112
836,0.201801545,2,FALSE,HighSchoolOrCollege,A,53,51 and above,2582,1604,978
837,0.048428984,2,FALSE,HighSchoolOrCollege,F,49,41-50,2565,1505,1059
838,0.221489156,2,FALSE,Bachelors,E,52,51 and above,4401,1532,2869
840,0.469113963,2,FALSE,Bachelors,E,47,41-50,4306,1752,2554
841,0.655361489,2,FALSE,Graduate,G,57,51 and above,5045,1786,3259
843,0.683850663,2,FALSE,Bachelors,H,59,51 and above,3338,1612,1726
844,0.659909909,2,FALSE,Bachelors,H,46,41-50,4329,1708,2621
845,0.234712133,2,FALSE,HighSchoolOrCollege,G,40,31-40,2567,1206,1361
848,0.633519504,2,FALSE,Graduate,B,34,31-40,5070,1662,3407
849,0.828259584,2,FALSE,Bachelors,I,30,21-30,3591,1835,1756
850,0.631431974,2,FALSE,Bachelors,C,57,51 and above,4136,1687,2449
851,0.677712189,2,FALSE,Graduate,D,19,20 & Below,4410,2292,2118
852,0.30005276,2,FALSE,HighSchoolOrCollege,F,50,41-50,2554,1496,1058
854,0.042899175,2,FALSE,Bachelors,B,28,21-30,4335,1544,2791
857,0.853049624,2,FALSE,Bachelors,H,57,51 and above,3318,1936,1381
861,0.332054621,2,FALSE,Bachelors,H,59,51 and above,4163,1457,2706
863,0.807449064,2,FALSE,Bachelors,F,59,51 and above,4007,2180,1826
865,0.115098336,2,FALSE,HighSchoolOrCollege,F,39,31-40,2543,1507,1035
866,0.997670843,2,FALSE,Bachelors,I,42,41-50,3612,2188,1424
868,0.38081745,2,FALSE,HighSchoolOrCollege,I,51,51 and above,3999,1558,2441
869,0.495487226,2,FALSE,Graduate,I,53,51 and above,5144,1553,3591
870,0.820903516,2,FALSE,Bachelors,F,32,31-40,3446,1916,1530
871,0.067887485,2,FALSE,Graduate,I,48,41-50,5167,1324,3843
873,0.282834314,2,FALSE,Bachelors,J,58,51 and above,4293,1516,2777
874,0.891019925,2,FALSE,Graduate,F,55,51 and above,3906,2196,1710
877,0.573668238,2,FALSE,Bachelors,J,24,21-30,4142,1671,2471
878,0.337456142,2,FALSE,Bachelors,J,40,31-40,4047,1630,2417
879,0.353813394,2,FALSE,Bachelors,A,53,51 and above,4061,1595,2466
880,0.021946709,2,FALSE,Bachelors,J,49,41-50,4090,1462,2628
881,0.889292896,2,FALSE,Bachelors,C,53,51 and above,3703,1852,1850
882,0.20389365,2,FALSE,Graduate,G,44,41-50,5011,1398,3613
888,0.643407835,2,FALSE,Graduate,B,31,31-40,5034,1691,3342
889,0.126644557,2,FALSE,Bachelors,A,19,20 & Below,4199,1183,3016
890,0.875200368,2,FALSE,Graduate,G,21,21-30,4598,2294,2304
891,0.554827306,2,FALSE,Graduate,G,28,21-30,4865,1651,3215
893,0.540411016,2,FALSE,Graduate,F,46,41-50,4352,1783,2569
894,0.550025961,2,FALSE,Bachelors,D,44,41-50,3751,1723,2028
895,0.628664697,2,FALSE,Bachelors,A,40,31-40,3664,1645,2019
898,0.486920328,2,FALSE,Graduate,J,60,51 and above,4135,1637,2498
899,0.544405537,2,FALSE,Graduate,B,59,51 and above,4099,1677,2422
903,0.210131243,2,FALSE,Bachelors,G,23,21-30,4075,1408,2668
904,0.161994033,2,FALSE,Bachelors,B,59,51 and above,4067,1437,2631
905,0.533005979,2,FALSE,Bachelors,J,50,41-50,3626,1648,1978
906,0.930669564,2,FALSE,Bachelors,E,22,21-30,2616,1853,763
908,0.598767089,2,FALSE,Bachelors,I,29,21-30,3657,1611,2045
910,0.652990074,2,FALSE,Bachelors,D,41,41-50,3529,1727,1801
912,0.933377794,2,FALSE,Graduate,H,28,21-30,3828,2165,1663
913,2.65E-04,2,FALSE,Bachelors,J,55,51 and above,4046,1292,2754
914,0.405713393,2,FALSE,Graduate,D,44,41-50,4940,1500,3439
915,0.992351674,2,FALSE,Bachelors,B,40,31-40,2996,1998,999
916,0.784906863,2,FALSE,Bachelors,D,38,31-40,3720,1992,1728
917,0.431612119,2,FALSE,Bachelors,G,32,31-40,3588,1777,1811
918,0.230593991,2,FALSE,Graduate,A,33,31-40,4360,1579,2780
921,0.931029947,2,FALSE,Bachelors,G,52,51 and above,3351,1775,1576
922,0.046984156,2,FALSE,Bachelors,A,55,51 and above,4072,1373,2699
926,0.185717667,1,FALSE,HighSchoolOrCollege,A,57,51 and above,2436,611,1826
927,0.093249599,1,FALSE,Bachelors,D,58,51 and above,4033,615,3419
928,0.445184451,1,FALSE,Bachelors,G,20,20 & Below,3506,1171,2334
929,0.777990984,1,FALSE,HighSchoolOrCollege,E,43,41-50,1924,1502,422
930,0.203002706,1,FALSE,HighSchoolOrCollege,F,41,41-50,2384,583,1802
931,0.88226691,1,FALSE,HighSchoolOrCollege,I,30,21-30,2089,1555,534
932,0.522667054,1,FALSE,HighSchoolOrCollege,J,23,21-30,2227,1254,973
933,0.097293702,1,FALSE,HighSchoolOrCollege,D,53,51 and above,2392,1086,1306
934,0.536881382,1,FALSE,Graduate,B,42,41-50,4419,1278,3142
935,0.441937538,1,FALSE,HighSchoolOrCollege,D,42,41-50,2161,1382,779
936,0.235105787,1,FALSE,Bachelors,F,33,31-40,3962,1079,2882
937,0.240105908,1,FALSE,Bachelors,C,44,41-50,3929,1064,2865
938,0.679262409,1,FALSE,HighSchoolOrCollege,F,60,51 and above,1912,1427,485
939,0.880292697,1,FALSE,Low,J,35,31-40,1929,1618,311
940,0.807027625,1,FALSE,Bachelors,D,34,31-40,3055,1267,1788
941,0.840828509,1,FALSE,Bachelors,J,50,41-50,3326,1476,1850
942,0.715480626,1,FALSE,Bachelors,I,48,41-50,2198,1520,678
943,0.449546034,1,FALSE,Bachelors,H,50,41-50,3423,1159,2264
944,0.660069967,1,FALSE,Graduate,B,48,41-50,3161,1420,1741
945,0.819895146,1,FALSE,Bachelors,A,21,21-30,3052,1595,1457
946,0.010975349,1,FALSE,HighSchoolOrCollege,J,60,51 and above,2365,824,1541
947,0.116646459,1,FALSE,HighSchoolOrCollege,J,41,41-50,2379,1140,1239
948,0.880591759,1,FALSE,Graduate,E,26,21-30,2983,1564,1419
949,0.380395715,1,FALSE,HighSchoolOrCollege,A,19,20 & Below,2174,1168,1006
950,0.131920315,1,FALSE,Bachelors,H,27,21-30,3924,826,3098
951,0.932155545,1,FALSE,Bachelors,E,25,21-30,2405,1733,673
952,0.148548085,1,FALSE,HighSchoolOrCollege,B,27,21-30,2371,1067,1304
953,0.846871205,1,FALSE,Graduate,G,45,41-50,2523,1536,986
954,0.556397418,1,FALSE,Bachelors,F,41,41-50,3347,1289,2058
955,0.305318637,1,FALSE,Graduate,A,42,41-50,4338,951,3387
956,0.217082066,1,FALSE,Graduate,F,32,31-40,4117,869,3248
957,0.549042649,1,FALSE,HighSchoolOrCollege,H,31,31-40,2154,1212,942
958,0.301470597,1,FALSE,Bachelors,H,33,31-40,3981,942,3040
959,0.349445327,1,FALSE,HighSchoolOrCollege,F,58,51 and above,2164,1256,907
960,0.570251922,1,FALSE,Low,I,35,31-40,1998,1443,555
961,0.91308015,1,FALSE,Graduate,F,21,21-30,4146,716,3430
962,0.890386981,1,FALSE,Bachelors,H,45,41-50,1980,1359,621
963,0.132914203,1,FALSE,HighSchoolOrCollege,G,30,21-30,2391,617,1774
964,0.455351665,1,FALSE,HighSchoolOrCollege,I,50,41-50,2095,1220,876
965,0.258533986,1,FALSE,HighSchoolOrCollege,E,29,21-30,2372,610,1762
966,0.119913514,1,FALSE,Low,F,46,41-50,1931,575,1356
967,0.950638773,1,FALSE,HighSchoolOrCollege,A,33,31-40,1938,1601,337
968,0.982251017,1,FALSE,HighSchoolOrCollege,J,54,51 and above,1956,1519,437
969,0.172802708,1,FALSE,Bachelors,A,45,41-50,3856,985,2871
970,0.129766383,1,FALSE,HighSchoolOrCollege,E,53,51 and above,2320,1102,1218
971,0.159548434,1,FALSE,HighSchoolOrCollege,G,54,51 and above,2348,1140,1208
972,0.360847428,1,FALSE,HighSchoolOrCollege,H,29,21-30,2082,1215,867
973,0.274541862,1,FALSE,Bachelors,D,20,20 & Below,3854,1118,2736
974,0.345104613,1,FALSE,Bachelors,C,24,21-30,3114,1190,1924
975,0.086367063,1,FALSE,HighSchoolOrCollege,B,47,41-50,2322,1111,1211
976,0.077140899,1,FALSE,Bachelors,J,26,21-30,3852,917,2935
977,0.502257508,1,FALSE,Bachelors,E,52,51 and above,3130,1124,2006
978,0.398379338,1,FALSE,HighSchoolOrCollege,D,44,41-50,2096,1145,951
979,0.357706459,1,FALSE,HighSchoolOrCollege,C,30,21-30,2088,1037,1051
980,0.548974082,1,FALSE,HighSchoolOrCollege,H,54,51 and above,2120,1290,830
981,0.458594873,1,FALSE,HighSchoolOrCollege,F,35,31-40,2032,1149,883
982,0.098639485,1,FALSE,Bachelors,J,53,51 and above,3752,1119,2633
983,0.21831518,1,FALSE,Graduate,G,44,41-50,4127,854,3273
984,0.969600048,1,FALSE,Low,I,35,31-40,1912,1506,406
985,0.198499294,1,FALSE,HighSchoolOrCollege,E,46,41-50,2347,1083,1264
986,0.301652515,1,FALSE,Bachelors,I,57,51 and above,3660,1184,2476
987,0.182773504,1,FALSE,Bachelors,B,20,20 & Below,3639,820,2818
988,0.315707809,1,FALSE,HighSchoolOrCollege,H,32,31-40,2340,1020,1320
989,0.659934449,1,FALSE,HighSchoolOrCollege,F,57,51 and above,1946,1341,604
990,0.833977506,1,FALSE,HighSchoolOrCollege,E,37,31-40,1926,1590,336
991,0.970492609,1,FALSE,Low,C,21,21-30,1925,1518,407
992,0.280018247,1,FALSE,Bachelors,F,48,41-50,3652,1116,2535
993,0.905125735,1,FALSE,Graduate,I,31,31-40,2306,1667,639
994,0.932521377,1,FALSE,HighSchoolOrCollege,J,42,41-50,1960,1547,412
995,0.444802157,1,FALSE,HighSchoolOrCollege,C,60,51 and above,1944,1252,692
996,0.572648773,1,FALSE,HighSchoolOrCollege,J,55,51 and above,1918,1268,650
997,0.128853966,1,FALSE,Graduate,I,48,41-50,4173,1105,3067
998,0.335018383,1,FALSE,Bachelors,H,53,51 and above,3039,1208,1831
999,0.254432893,1,FALSE,Bachelors,F,48,41-50,3616,1161,2455
1000,0.983012498,1,FALSE,Graduate,B,56,51 and above,2441,1547,894
1001,0.043433461,1,FALSE,Graduate,C,49,41-50,3859,734,3125
1002,0.323610205,1,FALSE,HighSchoolOrCollege,G,51,51 and above,2313,1011,1302
1003,0.336785107,1,FALSE,HighSchoolOrCollege,F,48,41-50,1944,1252,691
1004,0.070626542,1,FALSE,HighSchoolOrCollege,B,41,41-50,2316,981,1336
1005,0.356881322,1,FALSE,Bachelors,F,47,41-50,2830,1243,1587
1006,0.639268458,1,FALSE,HighSchoolOrCollege,J,19,20 & Below,1940,1281,659
1007,0.934347783,1,FALSE,HighSchoolOrCollege,B,40,31-40,1938,1630,308
1008,0.163721028,1,FALSE,Graduate,C,23,21-30,3868,962,2906
1009,0.828330134,1,FALSE,Low,B,39,31-40,1930,1472,458
1010,0.17538799,1,FALSE,HighSchoolOrCollege,D,52,51 and above,2279,1255,1025
